date,Джирайя,Тень,Uchiha Madara,AloneInTheDark,Shisui,Orochimaru,Rosich,Сайдзо,Айзен,Tayuya,YuRaN III,Нет,Мастер ИП,Rock Lee,sensey,Yahiko,Хедин,Kirishima Touka,Вулкан,misha10x10x,Социопат_мл,KillerNick,Rokyro Rau,Шикигами,-Tobi-,РИДИК,Trigun,Neji Hyuga,DeYsTrave,СОНЯ,Konan,Fludo,Ога Тацуми,Freir,Учиха Хидате,Гусь,треш,_ZeuS_,Канеки Учиха,Jugernaut,Kira,Deathstroke,_Indra_,Конс,Silf,Акасуна но Акира,герцогиня,-Uchiha-Artem-,Petrovich192,CM Punk,тихиЙ ужаС,Pain,zzStop,Социопат,LoLka 80 lvl,Mikadzuki,ArtiGarPotr,Mrak,Сбежавший Учиха,mazumuz,Кимимаро,Vizer fon Ghoul,Alukard,Нагато Пейн,Joker,Shiro,Ledi,Леди ангел,~TITAN~,Пчёлка,Тобирама Сенджу,L Lawliet,Scifsyyh,Firebug,Garadin,Хрустальный Лис,ШикамарУ,Kcapa,-Sally-,Последователь,Supa,Grimmjow,Ogawa,Джираия,~KiLLeR~,Акасуна_но_Сасори,Brave,Djons,Dead pool,Nikitoss,Учиха Обито,ArtOff,TipS,Сумасшедший,nom,Азура,Уайт,Crowley,_Призрак_,Senju Hashirama
20190101,133874,92450,92044,78932,75126,65830,64267,62507,59803,57649,56074,51033,50785,49518,49367,47826,42512,39721,39320,38869,36966,35784,35024,34780,34410,34259,30525,30423,29421,29010,28942,28368,27930,27831,27212,26872,25438,25325,24646,24565,24551,24331,24183,23947,23704,23322,23320,22005,22005,21730,21197,20606,19278,19013,18316,18123,17483,17023,16984,16876,16744,16549,16262,16243,16129,15929,15928,15822,15419,15414,15225,15182,14938,14899,14351,14103,14000,13152,12842,12773,12608,12533,12532,12487,12422,12279,12266,11621,11392,11211,11133,11059,10942,10884,10324,10025,10001,9813,9698,9649
date,Джирайя,Тень,Uchiha Madara,AloneInTheDark,Shisui,Orochimaru,Rosich,Сайдзо,Айзен,Tayuya,YuRaN III,Нет,Мастер ИП,Rock Lee,sensey,Yahiko,Хедин,Kirishima Touka,Вулкан,misha10x10x,Социопат_мл,KillerNick,Rokyro Rau,Шикигами,-Tobi-,РИДИК,Trigun,Neji Hyuga,DeYsTrave,СОНЯ,Konan,Fludo,Ога Тацуми,Freir,Учиха Хидате,Гусь,треш,_ZeuS_,Kira,Jugernaut,Канеки Учиха,Deathstroke,_Indra_,Конс,Silf,герцогиня,Акасуна но Акира,Petrovich192,-Uchiha-Artem-,CM Punk,тихиЙ ужаС,Pain,zzStop,Социопат,LoLka 80 lvl,Mikadzuki,ArtiGarPotr,Сбежавший Учиха,Mrak,mazumuz,Кимимаро,Vizer fon Ghoul,Нагато Пейн,Joker,Alukard,Sasuke,Ledi,Леди ангел,~TITAN~,Пчёлка,L Lawliet,Тобирама Сенджу,Scifsyyh,Firebug,Garadin,Хрустальный Лис,ШикамарУ,Kcapa,-Sally-,Последователь,Ogawa,Supa,~KiLLeR~,Grimmjow,Джираия,Brave,Акасуна_но_Сасори,Djons,Dead pool,Nikitoss,Учиха Обито,ArtOff,TipS,Сумасшедший,nom,Уайт,Азура,Crowley,_Призрак_,Senju Hashirama
20190102,134082,92743,92195,79034,75509,66094,64381,62614,60190,57649,56202,51260,50945,49608,49433,48248,42695,39797,39469,38869,37140,35971,35199,35017,34542,34463,30676,30537,29778,29010,28942,28438,28028,27831,27282,26872,25438,25325,24896,24815,24646,24349,24231,24105,23749,23548,23329,22282,22062,21730,21197,20606,19278,19084,18485,18133,17483,17178,17023,16883,16744,16582,16325,16302,16262,16158,16034,15925,15419,15414,15255,15243,14944,14916,14461,14103,14000,13157,12842,12834,12716,12608,12540,12533,12487,12400,12279,11621,11392,11211,11133,11059,11055,10885,10324,10189,10025,9813,9698,9649
date,Джирайя,Тень,Uchiha Madara,AloneInTheDark,Shisui,Orochimaru,Rosich,Сайдзо,Айзен,Tayuya,YuRaN III,Нет,Мастер ИП,Rock Lee,sensey,Yahiko,Хедин,Kirishima Touka,Вулкан,misha10x10x,Социопат_мл,KillerNick,Rokyro Rau,Шикигами,-Tobi-,РИДИК,Trigun,Neji Hyuga,DeYsTrave,СОНЯ,Konan,Fludo,Ога Тацуми,Freir,Учиха Хидате,Гусь,треш,_ZeuS_,Kira,Jugernaut,Канеки Учиха,_Indra_,Deathstroke,Конс,герцогиня,Silf,Акасуна но Акира,Petrovich192,-Uchiha-Artem-,CM Punk,тихиЙ ужаС,Pain,zzStop,Социопат,LoLka 80 lvl,Mikadzuki,ArtiGarPotr,Сбежавший Учиха,Mrak,mazumuz,Кимимаро,Vizer fon Ghoul,Joker,Нагато Пейн,Sasuke,Alukard,Ledi,Леди ангел,~TITAN~,Пчёлка,L Lawliet,Тобирама Сенджу,Firebug,Scifsyyh,Garadin,Хрустальный Лис,ШикамарУ,Kcapa,Последователь,-Sally-,Ogawa,~KiLLeR~,Supa,Brave,Grimmjow,Джираия,Акасуна_но_Сасори,Djons,Dead pool,TipS,Nikitoss,Учиха Обито,ArtOff,Сумасшедший,nom,Уайт,Азура,Crowley,Торуне,_Призрак_
20190103,134399,93111,92373,79286,75897,66399,64487,62693,60509,57649,56355,51543,51095,49608,49546,48589,42897,40026,39470,38869,37262,36116,35376,35173,34657,34476,30758,30537,29915,29010,28942,28550,28208,27841,27300,26872,25438,25325,25218,25004,24646,24376,24349,24284,23803,23766,23362,22561,22136,21730,21197,20606,19278,19183,18621,18274,17483,17317,17023,16941,16744,16590,16571,16404,16387,16262,16040,16033,15419,15414,15324,15254,14997,14944,14747,14103,14000,13166,12878,12842,12756,12676,12608,12534,12533,12487,12279,11621,11392,11301,11211,11136,11059,10897,10324,10290,10025,9813,9709,9698
date,Джирайя,Тень,Uchiha Madara,AloneInTheDark,Shisui,Orochimaru,Rosich,Сайдзо,Айзен,Tayuya,YuRaN III,Нет,Мастер ИП,sensey,Rock Lee,Yahiko,Хедин,Kirishima Touka,Вулкан,misha10x10x,Социопат_мл,KillerNick,Rokyro Rau,Шикигами,-Tobi-,РИДИК,Trigun,Neji Hyuga,DeYsTrave,СОНЯ,Konan,Fludo,Ога Тацуми,Freir,Учиха Хидате,Гусь,треш,_ZeuS_,Kira,Jugernaut,Канеки Учиха,_Indra_,Конс,Deathstroke,герцогиня,Silf,Акасуна но Акира,Petrovich192,-Uchiha-Artem-,CM Punk,тихиЙ ужаС,Pain,Социопат,zzStop,LoLka 80 lvl,Mikadzuki,ArtiGarPotr,Сбежавший Учиха,Mrak,mazumuz,Son of Sparda,Кимимаро,Vizer fon Ghoul,Sasuke,Нагато Пейн,Alukard,Леди ангел,Ledi,L Lawliet,~TITAN~,Пчёлка,Тобирама Сенджу,Firebug,Scifsyyh,Garadin,Хрустальный Лис,ШикамарУ,Kcapa,Последователь,-Sally-,~KiLLeR~,Ogawa,Brave,Supa,Grimmjow,Джираия,Акасуна_но_Сасори,Djons,TipS,Dead pool,Nikitoss,Учиха Обито,ArtOff,Сумасшедший,Уайт,nom,Азура,Торуне,Crowley,_Призрак_
20190104,134753,93350,92574,79534,76226,66613,64521,62920,60802,57649,56494,51742,51307,49617,49608,48769,43143,40153,39475,38869,37438,36283,35528,35350,34777,34635,30884,30537,30098,29010,28942,28629,28355,27841,27316,26872,25438,25325,25249,25201,24646,24524,24475,24349,23984,23889,23362,22785,22270,21730,21197,20606,19278,19278,18699,18343,17483,17461,17023,17016,16779,16744,16612,16579,16542,16262,16141,16112,15450,15419,15414,15254,15084,14944,14907,14103,14000,13185,12985,12842,12797,12772,12729,12608,12533,12487,12279,11621,11481,11392,11211,11146,11059,10897,10393,10324,10025,9865,9813,9698
date,Джирайя,Тень,Uchiha Madara,AloneInTheDark,Shisui,Orochimaru,Rosich,Сайдзо,Айзен,Tayuya,YuRaN III,Нет,Мастер ИП,sensey,Rock Lee,Yahiko,Хедин,Kirishima Touka,Вулкан,misha10x10x,Социопат_мл,KillerNick,Rokyro Rau,Шикигами,РИДИК,-Tobi-,Trigun,Neji Hyuga,DeYsTrave,СОНЯ,Konan,Fludo,Ога Тацуми,Freir,Учиха Хидате,Гусь,треш,Jugernaut,_ZeuS_,Kira,Конс,Канеки Учиха,_Indra_,Deathstroke,Silf,герцогиня,Акасуна но Акира,Petrovich192,-Uchiha-Artem-,CM Punk,тихиЙ ужаС,Pain,Социопат,zzStop,LoLka 80 lvl,Mikadzuki,Сбежавший Учиха,ArtiGarPotr,mazumuz,Mrak,Son of Sparda,Кимимаро,Sasuke,Vizer fon Ghoul,Нагато Пейн,Леди ангел,Alukard,Ledi,L Lawliet,~TITAN~,Пчёлка,Тобирама Сенджу,Firebug,Garadin,Scifsyyh,Хрустальный Лис,ШикамарУ,Kcapa,Последователь,~KiLLeR~,-Sally-,Ogawa,Brave,Supa,Grimmjow,Джираия,Акасуна_но_Сасори,Djons,TipS,Dead pool,Nikitoss,Учиха Обито,ArtOff,Сумасшедший,Уайт,nom,Азура,Торуне,Crowley,Mirajane
20190105,135019,93512,92734,79689,76411,66796,64605,63128,60976,57649,56601,52100,51532,49691,49657,49044,43248,40293,39531,38869,37563,36401,35726,35402,35041,34921,30977,30537,30237,29010,28942,28760,28445,27866,27350,26872,25438,25427,25325,25252,24672,24646,24640,24405,24071,24026,23363,22906,22376,21730,21197,20606,19362,19278,18767,18549,17588,17483,17156,17023,16987,16744,16709,16701,16620,16292,16262,16201,15590,15419,15414,15262,15183,14991,14944,14103,14000,13190,13023,12859,12842,12809,12768,12608,12533,12487,12279,11621,11580,11392,11211,11146,11059,10914,10533,10322,10025,10009,9813,9776
date,Джирайя,Тень,Uchiha Madara,AloneInTheDark,Shisui,Orochimaru,Rosich,Сайдзо,Айзен,Tayuya,YuRaN III,Нет,Мастер ИП,sensey,Rock Lee,Yahiko,Хедин,Kirishima Touka,Вулкан,misha10x10x,Социопат_мл,KillerNick,Rokyro Rau,РИДИК,Шикигами,-Tobi-,Trigun,Neji Hyuga,DeYsTrave,СОНЯ,Konan,Fludo,Ога Тацуми,Freir,Учиха Хидате,Гусь,Jugernaut,треш,_ZeuS_,Kira,Конс,_Indra_,Канеки Учиха,Deathstroke,Silf,герцогиня,Акасуна но Акира,Petrovich192,-Uchiha-Artem-,CM Punk,тихиЙ ужаС,Pain,Социопат,zzStop,LoLka 80 lvl,Mikadzuki,Сбежавший Учиха,ArtiGarPotr,mazumuz,Son of Sparda,Mrak,Sasuke,Vizer fon Ghoul,Кимимаро,Нагато Пейн,Леди ангел,Ledi,Alukard,L Lawliet,~TITAN~,Пчёлка,Тобирама Сенджу,Firebug,Garadin,Scifsyyh,Хрустальный Лис,ШикамарУ,Kcapa,Последователь,Ogawa,~KiLLeR~,-Sally-,Brave,Supa,Grimmjow,Джираия,Акасуна_но_Сасори,TipS,Djons,Dead pool,Учиха Обито,Nikitoss,ArtOff,Сумасшедший,Уайт,nom,Торуне,Азура,Mirajane,Crowley
20190106,135169,93709,92931,79754,76582,66955,64657,63387,61166,57649,56761,52356,51742,49771,49768,49308,43395,40439,39608,38869,37669,36487,35916,35404,35403,35101,31107,30537,30347,29010,28942,28849,28445,27866,27368,26872,25680,25438,25325,25264,24873,24741,24646,24405,24250,24089,23363,23059,22513,21730,21197,20606,19513,19278,18897,18738,17712,17483,17247,17047,17023,16832,16782,16744,16691,16473,16363,16262,15735,15419,15414,15293,15259,15080,14944,14103,14000,13190,13102,13010,12936,12842,12840,12608,12533,12487,12279,11680,11621,11392,11227,11211,11059,10931,10669,10322,10124,10025,9885,9813
date,Джирайя,Тень,Uchiha Madara,AloneInTheDark,Shisui,Orochimaru,Rosich,Сайдзо,Айзен,Tayuya,YuRaN III,Нет,Мастер ИП,Rock Lee,sensey,Yahiko,Хедин,Kirishima Touka,Вулкан,misha10x10x,Социопат_мл,KillerNick,Rokyro Rau,Шикигами,РИДИК,-Tobi-,Trigun,Neji Hyuga,DeYsTrave,СОНЯ,Fludo,Konan,Ога Тацуми,Freir,Учиха Хидате,Гусь,Jugernaut,треш,_ZeuS_,Kira,Конс,_Indra_,Канеки Учиха,Deathstroke,Silf,герцогиня,Акасуна но Акира,Petrovich192,-Uchiha-Artem-,CM Punk,тихиЙ ужаС,Pain,Социопат,zzStop,LoLka 80 lvl,Mikadzuki,Сбежавший Учиха,ArtiGarPotr,mazumuz,Son of Sparda,Sasuke,Mrak,Vizer fon Ghoul,Нагато Пейн,Кимимаро,Леди ангел,Ledi,Alukard,L Lawliet,Firebug,~TITAN~,Пчёлка,Тобирама Сенджу,Garadin,Scifsyyh,Хрустальный Лис,ШикамарУ,Kcapa,Ogawa,Последователь,~KiLLeR~,Brave,-Sally-,Supa,Grimmjow,Джираия,Акасуна_но_Сасори,TipS,Djons,Учиха Обито,Dead pool,Nikitoss,ArtOff,Сумасшедший,Уайт,nom,Торуне,Азура,Mirajane,Crowley
20190107,135443,93937,93161,79800,76819,67105,64735,63649,61292,57649,56892,52722,51934,49933,49833,49588,43546,40725,39647,38869,37728,36589,36132,35526,35457,35198,31208,30541,30474,29010,28964,28942,28601,27866,27468,26872,25855,25438,25325,25279,25077,24941,24646,24405,24360,24144,23382,23284,22562,21730,21197,20606,19641,19278,19002,18931,17848,17483,17352,17076,17061,17023,16867,16745,16744,16655,16473,16262,15837,15437,15419,15414,15317,15160,14944,14103,14005,13192,13155,13106,12986,12913,12842,12608,12533,12487,12279,11734,11621,11413,11392,11211,11059,10951,10849,10322,10261,10025,9927,9813
date,Джирайя,Тень,Uchiha Madara,AloneInTheDark,Shisui,Orochimaru,Rosich,Сайдзо,Айзен,Tayuya,YuRaN III,Нет,Мастер ИП,Rock Lee,sensey,Yahiko,Хедин,Kirishima Touka,Вулкан,misha10x10x,Социопат_мл,KillerNick,Rokyro Rau,Шикигами,РИДИК,-Tobi-,Trigun,DeYsTrave,Neji Hyuga,Fludo,СОНЯ,Konan,Ога Тацуми,Freir,Учиха Хидате,Гусь,Jugernaut,треш,Kira,_ZeuS_,Конс,_Indra_,Канеки Учиха,Deathstroke,Silf,герцогиня,Petrovich192,Акасуна но Акира,-Uchiha-Artem-,CM Punk,тихиЙ ужаС,Pain,Социопат,zzStop,Mikadzuki,LoLka 80 lvl,Сбежавший Учиха,ArtiGarPotr,mazumuz,Sasuke,Son of Sparda,Mrak,Vizer fon Ghoul,Леди ангел,Нагато Пейн,Кимимаро,Ledi,Alukard,L Lawliet,Firebug,~TITAN~,Пчёлка,Garadin,Тобирама Сенджу,Scifsyyh,Хрустальный Лис,ШикамарУ,Ogawa,Последователь,~KiLLeR~,Kcapa,Brave,-Sally-,Supa,Grimmjow,Джираия,Акасуна_но_Сасори,TipS,Djons,Учиха Обито,Dead pool,Nikitoss,Сумасшедший,ArtOff,Уайт,Торуне,nom,Азура,Mirajane,Crowley
20190108,135762,94169,93386,79943,77102,67257,64884,63737,61385,57649,57032,53058,52097,49938,49896,49838,43655,40842,39715,38869,37818,36734,36333,35796,35499,35302,31371,30624,30541,29040,29010,28942,28752,27866,27644,26872,25915,25438,25339,25325,25263,24950,24646,24405,24397,24184,23572,23426,22664,21730,21197,20606,19772,19278,19097,19002,18043,17483,17482,17275,17120,17023,16950,16844,16745,16744,16529,16262,15846,15609,15419,15414,15329,15317,14944,14103,14005,13330,13297,13235,13192,12913,12842,12608,12533,12487,12279,11847,11621,11596,11392,11211,11086,11059,10990,10432,10322,10025,9957,9813
date,Джирайя,Тень,Uchiha Madara,AloneInTheDark,Shisui,Orochimaru,Rosich,Сайдзо,Айзен,Tayuya,YuRaN III,Нет,Мастер ИП,Rock Lee,Yahiko,sensey,Хедин,Kirishima Touka,Вулкан,misha10x10x,Социопат_мл,KillerNick,Rokyro Rau,Шикигами,РИДИК,-Tobi-,Trigun,DeYsTrave,Neji Hyuga,Fludo,СОНЯ,Konan,Ога Тацуми,Freir,Учиха Хидате,Гусь,Jugernaut,Конс,треш,Kira,_ZeuS_,_Indra_,Канеки Учиха,Silf,Deathstroke,герцогиня,Petrovich192,Акасуна но Акира,-Uchiha-Artem-,CM Punk,тихиЙ ужаС,Pain,Социопат,zzStop,Mikadzuki,LoLka 80 lvl,Сбежавший Учиха,mazumuz,ArtiGarPotr,Sasuke,Son of Sparda,Vizer fon Ghoul,Mrak,Леди ангел,Нагато Пейн,Кимимаро,Ledi,Alukard,L Lawliet,Firebug,~TITAN~,Пчёлка,Garadin,Тобирама Сенджу,Scifsyyh,Хрустальный Лис,Brave,ШикамарУ,Ogawa,Последователь,~KiLLeR~,Kcapa,-Sally-,Supa,Grimmjow,Джираия,Акасуна_но_Сасори,TipS,Djons,Учиха Обито,Dead pool,Nikitoss,Сумасшедший,Уайт,ArtOff,Торуне,nom,Mirajane,Азура,Джонни Блэк
20190109,135969,94358,93572,80003,77352,67304,64961,63858,61513,57649,57223,53441,52333,51538,49996,49961,43762,41035,39715,38869,37944,36837,36500,35908,35538,35470,31468,30808,30618,29184,29010,28942,28844,27866,27796,26872,26004,25485,25438,25363,25325,25014,24646,24533,24405,24184,23742,23595,22774,21730,21197,20606,19903,19278,19248,19002,18126,17588,17483,17393,17146,17055,17023,17016,16789,16744,16666,16262,15852,15718,15419,15414,15352,15331,14944,14103,14103,14005,13485,13341,13268,13192,12842,12608,12533,12487,12279,11850,11621,11596,11392,11211,11139,11085,11059,10604,10322,10101,10025,9877
date,Джирайя,Тень,Uchiha Madara,AloneInTheDark,Shisui,Orochimaru,Rosich,Сайдзо,Айзен,Tayuya,YuRaN III,Нет,Мастер ИП,Rock Lee,Yahiko,sensey,Хедин,Kirishima Touka,Вулкан,misha10x10x,Социопат_мл,KillerNick,Rokyro Rau,Шикигами,-Tobi-,РИДИК,Trigun,DeYsTrave,Neji Hyuga,Fludo,СОНЯ,Konan,Ога Тацуми,Учиха Хидате,Freir,Гусь,Jugernaut,Конс,треш,Kira,_ZeuS_,_Indra_,Silf,Канеки Учиха,Deathstroke,герцогиня,Petrovich192,Акасуна но Акира,-Uchiha-Artem-,CM Punk,тихиЙ ужаС,Pain,Социопат,Mikadzuki,zzStop,LoLka 80 lvl,Сбежавший Учиха,mazumuz,Sasuke,ArtiGarPotr,Son of Sparda,Vizer fon Ghoul,Леди ангел,Mrak,Нагато Пейн,Ledi,Кимимаро,Alukard,L Lawliet,Firebug,~TITAN~,Garadin,Пчёлка,Тобирама Сенджу,Scifsyyh,Brave,Хрустальный Лис,ШикамарУ,Ogawa,Последователь,Kcapa,~KiLLeR~,-Sally-,Supa,Grimmjow,Джираия,Акасуна_но_Сасори,TipS,Учиха Обито,Djons,Dead pool,Сумасшедший,Nikitoss,Уайт,ArtOff,Торуне,nom,Mirajane,Азура,Джонни Блэк
20190110,136187,94608,93679,80068,77468,67346,65049,63958,61674,57649,57353,53751,52556,51628,50140,49972,43820,41224,39729,38869,38026,36857,36643,35931,35636,35587,31584,30946,30668,29330,29010,28942,28844,28105,27937,26872,26155,25684,25438,25364,25325,25046,24704,24646,24405,24184,23916,23814,22839,21730,21197,20606,20038,19380,19278,19002,18215,17653,17526,17483,17176,17154,17119,17023,16827,16769,16744,16262,15889,15811,15419,15416,15414,15355,14944,14145,14103,14005,13524,13399,13299,13269,12842,12608,12533,12487,12279,11875,11718,11621,11392,11253,11211,11180,11059,10745,10322,10235,10025,9914
date,Джирайя,Тень,Uchiha Madara,AloneInTheDark,Shisui,Orochimaru,Rosich,Сайдзо,Айзен,Tayuya,YuRaN III,Нет,Мастер ИП,Rock Lee,Yahiko,sensey,Хедин,Kirishima Touka,Вулкан,misha10x10x,Социопат_мл,KillerNick,Rokyro Rau,Шикигами,-Tobi-,РИДИК,Trigun,DeYsTrave,Neji Hyuga,Fludo,СОНЯ,Konan,Ога Тацуми,Учиха Хидате,Freir,Гусь,Jugernaut,Конс,треш,Kira,_ZeuS_,_Indra_,Silf,Канеки Учиха,Deathstroke,Petrovich192,герцогиня,Акасуна но Акира,-Uchiha-Artem-,CM Punk,тихиЙ ужаС,Pain,Социопат,Mikadzuki,zzStop,LoLka 80 lvl,Сбежавший Учиха,mazumuz,Sasuke,ArtiGarPotr,Леди ангел,Vizer fon Ghoul,Son of Sparda,Mrak,Нагато Пейн,Ledi,Кимимаро,Alukard,L Lawliet,Firebug,Garadin,~TITAN~,Пчёлка,Тобирама Сенджу,Scifsyyh,Brave,Хрустальный Лис,ШикамарУ,Ogawa,Последователь,Kcapa,~KiLLeR~,-Sally-,Supa,Grimmjow,Джираия,Акасуна_но_Сасори,Учиха Обито,TipS,Djons,Dead pool,Сумасшедший,Уайт,Nikitoss,ArtOff,Торуне,Mirajane,nom,Азура,Джонни Блэк
20190111,136490,94814,93953,80160,77541,67394,65144,64131,61796,57649,57482,53827,52820,51673,50196,50008,43884,41252,39733,38869,38091,36928,36798,35937,35784,35623,31683,31051,30712,29430,29010,28942,28894,28107,27977,26872,26205,25821,25438,25412,25325,25200,24846,24646,24405,24271,24184,24044,22889,21730,21197,20606,20185,19500,19278,19002,18258,17665,17557,17483,17364,17228,17223,17023,16900,16866,16744,16262,15928,15890,15501,15419,15414,15365,14944,14187,14103,14005,13563,13458,13366,13274,12842,12608,12533,12487,12279,11960,11898,11621,11392,11310,11287,11211,11059,10808,10332,10322,10025,9955
date,Джирайя,Тень,Uchiha Madara,AloneInTheDark,Shisui,Orochimaru,Rosich,Сайдзо,Айзен,Tayuya,YuRaN III,Нет,Мастер ИП,Rock Lee,Yahiko,sensey,Хедин,Kirishima Touka,Вулкан,misha10x10x,Социопат_мл,KillerNick,Rokyro Rau,Шикигами,-Tobi-,РИДИК,Trigun,DeYsTrave,Neji Hyuga,Fludo,СОНЯ,Ога Тацуми,Konan,Учиха Хидате,Freir,Гусь,Jugernaut,Конс,треш,Kira,_Indra_,_ZeuS_,Silf,Канеки Учиха,Deathstroke,Petrovich192,герцогиня,Акасуна но Акира,-Uchiha-Artem-,CM Punk,тихиЙ ужаС,Pain,Социопат,Mikadzuki,zzStop,LoLka 80 lvl,Сбежавший Учиха,mazumuz,Sasuke,ArtiGarPotr,Леди ангел,Son of Sparda,Vizer fon Ghoul,Mrak,Нагато Пейн,Ledi,Кимимаро,Alukard,Firebug,L Lawliet,Garadin,~TITAN~,Пчёлка,Тобирама Сенджу,Scifsyyh,Brave,Хрустальный Лис,ШикамарУ,Ogawa,Последователь,Kcapa,~KiLLeR~,-Sally-,Supa,Grimmjow,Джираия,Акасуна_но_Сасори,Учиха Обито,TipS,Djons,Dead pool,Уайт,Сумасшедший,Nikitoss,ArtOff,Торуне,Mirajane,nom,Азура,Джонни Блэк
20190112,136541,94905,94031,80252,77616,67408,65229,64231,61812,57649,57526,53911,52879,51715,50290,50181,43926,41252,39735,38869,38182,36970,36848,35937,35819,35664,31750,31148,30754,29466,29010,28957,28942,28109,28001,26872,26249,25821,25438,25413,25345,25325,24999,24646,24405,24331,24184,24073,22919,21730,21197,20606,20268,19526,19278,19002,18293,17730,17598,17483,17436,17261,17240,17023,16969,16897,16744,16262,15987,15976,15533,15419,15414,15366,14944,14228,14103,14005,13588,13505,13452,13274,12842,12608,12533,12487,12279,12014,11902,11621,11392,11386,11340,11211,11059,10857,10476,10322,10025,10002
date,Джирайя,Тень,Uchiha Madara,AloneInTheDark,Shisui,Orochimaru,Rosich,Сайдзо,Айзен,Tayuya,YuRaN III,Нет,Мастер ИП,Rock Lee,Yahiko,sensey,Хедин,Kirishima Touka,Вулкан,misha10x10x,Социопат_мл,KillerNick,Rokyro Rau,Шикигами,-Tobi-,РИДИК,Trigun,DeYsTrave,Neji Hyuga,Fludo,СОНЯ,Ога Тацуми,Konan,Учиха Хидате,Freir,Гусь,Jugernaut,Конс,треш,Kira,_Indra_,_ZeuS_,Silf,Канеки Учиха,Deathstroke,Petrovich192,герцогиня,Акасуна но Акира,-Uchiha-Artem-,CM Punk,тихиЙ ужаС,Pain,Социопат,Mikadzuki,zzStop,LoLka 80 lvl,Сбежавший Учиха,mazumuz,Sasuke,Леди ангел,ArtiGarPotr,Son of Sparda,Vizer fon Ghoul,Нагато Пейн,Mrak,Ledi,Кимимаро,Alukard,Firebug,L Lawliet,Garadin,~TITAN~,Пчёлка,Тобирама Сенджу,Scifsyyh,Brave,Хрустальный Лис,ШикамарУ,Ogawa,Последователь,Kcapa,~KiLLeR~,-Sally-,Supa,Grimmjow,Джираия,Акасуна_но_Сасори,Учиха Обито,TipS,Djons,Уайт,Dead pool,Сумасшедший,Nikitoss,ArtOff,Торуне,Mirajane,nom,Джонни Блэк,Азура
20190113,136653,95002,94081,80308,77668,67421,65307,64376,61963,57649,57579,54001,52955,51720,50401,50280,43979,41252,39755,38869,38274,37000,36898,35951,35862,35704,31793,31148,30760,29583,29010,28999,28942,28109,28001,26872,26298,25821,25438,25413,25409,25325,25082,24646,24405,24387,24184,24109,23064,21730,21197,20606,20268,19526,19278,19002,18326,17731,17648,17550,17483,17305,17274,17024,17023,16944,16744,16262,16083,16025,15584,15419,15415,15366,14944,14233,14103,14005,13628,13505,13497,13274,12842,12608,12533,12487,12279,12170,11916,11621,11403,11392,11346,11211,11059,10912,10520,10322,10028,10025
date,Джирайя,Тень,Uchiha Madara,AloneInTheDark,Shisui,Orochimaru,Rosich,Сайдзо,Айзен,Tayuya,YuRaN III,Нет,Мастер ИП,Rock Lee,Yahiko,sensey,Хедин,Kirishima Touka,Вулкан,misha10x10x,Социопат_мл,KillerNick,Rokyro Rau,Шикигами,-Tobi-,РИДИК,Trigun,DeYsTrave,Neji Hyuga,Fludo,СОНЯ,Ога Тацуми,Konan,Учиха Хидате,Freir,Гусь,Jugernaut,Конс,_Indra_,треш,Kira,_ZeuS_,Silf,Канеки Учиха,Petrovich192,Deathstroke,герцогиня,Акасуна но Акира,-Uchiha-Artem-,CM Punk,тихиЙ ужаС,Pain,Социопат,Mikadzuki,zzStop,LoLka 80 lvl,Сбежавший Учиха,mazumuz,Sasuke,Леди ангел,ArtiGarPotr,Vizer fon Ghoul,Son of Sparda,Нагато Пейн,Mrak,Ledi,Кимимаро,Alukard,Firebug,L Lawliet,Garadin,~TITAN~,Пчёлка,Тобирама Сенджу,Scifsyyh,Brave,Хрустальный Лис,ШикамарУ,Ogawa,Kcapa,Последователь,~KiLLeR~,-Sally-,Supa,Grimmjow,Джираия,Акасуна_но_Сасори,Учиха Обито,TipS,Djons,Уайт,Dead pool,Сумасшедший,Nikitoss,ArtOff,Торуне,Mirajane,nom,Джонни Блэк,Азура
20190114,136703,95075,94174,80402,77755,67459,65377,64397,62013,57649,57623,54086,52989,51809,50623,50617,44004,41252,39755,38869,38353,37058,36935,35956,35884,35744,31835,31217,30844,29744,29010,28999,28942,28109,28001,26872,26338,25821,25471,25438,25413,25325,25166,24646,24457,24405,24187,24150,23143,21730,21197,20606,20268,19526,19278,19002,18383,17803,17687,17601,17483,17351,17347,17093,17023,16994,16744,16262,16172,16052,15624,15419,15415,15366,14944,14314,14103,14005,13673,13541,13522,13274,12842,12608,12533,12487,12279,12170,11923,11621,11477,11392,11346,11211,11059,10950,10590,10322,10079,10025
date,Джирайя,Тень,Uchiha Madara,AloneInTheDark,Shisui,Orochimaru,Rosich,Сайдзо,Айзен,YuRaN III,Tayuya,Нет,Мастер ИП,Rock Lee,sensey,Yahiko,Хедин,Kirishima Touka,Вулкан,misha10x10x,Социопат_мл,KillerNick,Rokyro Rau,Шикигами,-Tobi-,РИДИК,Trigun,DeYsTrave,Neji Hyuga,Fludo,Ога Тацуми,СОНЯ,Konan,Учиха Хидате,Freir,Гусь,Jugernaut,Конс,_Indra_,треш,Kira,_ZeuS_,Silf,Канеки Учиха,Petrovich192,Deathstroke,герцогиня,Акасуна но Акира,-Uchiha-Artem-,CM Punk,тихиЙ ужаС,Pain,Социопат,Mikadzuki,zzStop,LoLka 80 lvl,Сбежавший Учиха,mazumuz,Sasuke,Леди ангел,ArtiGarPotr,Vizer fon Ghoul,Son of Sparda,Нагато Пейн,Ledi,Mrak,Кимимаро,Firebug,Alukard,L Lawliet,Garadin,~TITAN~,Пчёлка,Тобирама Сенджу,Scifsyyh,Brave,Хрустальный Лис,ШикамарУ,Ogawa,Kcapa,Последователь,~KiLLeR~,-Sally-,Supa,Grimmjow,Джираия,Акасуна_но_Сасори,Учиха Обито,TipS,Djons,Уайт,Dead pool,Сумасшедший,Nikitoss,ArtOff,Торуне,Mirajane,nom,Джонни Блэк,Азура
20190115,136768,95213,94261,80459,77880,67469,65431,64420,62053,57666,57649,54191,53067,51855,50817,50745,44038,41252,39871,38869,38374,37091,36991,35972,35920,35797,31878,31301,30888,29785,29059,29010,28942,28109,28075,26872,26388,25821,25601,25438,25413,25325,25225,24646,24506,24405,24187,24150,23220,21730,21197,20606,20269,19526,19278,19002,18436,17843,17737,17653,17483,17431,17385,17117,17040,17023,16744,16265,16262,16128,15624,15419,15415,15366,14944,14351,14103,14005,13734,13618,13530,13274,12842,12608,12533,12487,12279,12174,11937,11621,11505,11392,11346,11211,11059,10997,10590,10322,10112,10025
date,Джирайя,Тень,Uchiha Madara,AloneInTheDark,Shisui,Orochimaru,Rosich,Сайдзо,Айзен,YuRaN III,Tayuya,Нет,Мастер ИП,Rock Lee,sensey,Yahiko,Хедин,Kirishima Touka,Вулкан,misha10x10x,Социопат_мл,KillerNick,Rokyro Rau,Шикигами,-Tobi-,РИДИК,Trigun,DeYsTrave,Neji Hyuga,Fludo,Ога Тацуми,СОНЯ,Konan,Freir,Учиха Хидате,Гусь,Jugernaut,Конс,_Indra_,треш,Kira,_ZeuS_,Silf,Канеки Учиха,Petrovich192,Deathstroke,герцогиня,Акасуна но Акира,-Uchiha-Artem-,CM Punk,тихиЙ ужаС,Pain,Социопат,Mikadzuki,zzStop,LoLka 80 lvl,Сбежавший Учиха,mazumuz,Sasuke,Леди ангел,Vizer fon Ghoul,ArtiGarPotr,Son of Sparda,Нагато Пейн,Ledi,Mrak,Кимимаро,Firebug,Alukard,L Lawliet,Garadin,~TITAN~,Пчёлка,Тобирама Сенджу,Scifsyyh,Brave,Хрустальный Лис,ШикамарУ,Ogawa,Kcapa,Последователь,~KiLLeR~,-Sally-,Supa,Grimmjow,Джираия,Акасуна_но_Сасори,Учиха Обито,TipS,Djons,Уайт,Dead pool,Сумасшедший,Nikitoss,ArtOff,Торуне,Mirajane,nom,Джонни Блэк,Азура
20190116,136930,95358,94560,80513,77922,67478,65491,64514,62173,57711,57649,54288,53109,51897,50905,50853,44089,41252,39889,38869,38374,37144,37038,35977,35955,35836,31921,31364,30929,29819,29074,29010,28942,28114,28109,26872,26410,25821,25706,25438,25413,25325,25324,24646,24554,24405,24187,24151,23266,21730,21197,20606,20269,19526,19278,19002,18473,17889,17754,17684,17508,17483,17443,17151,17058,17023,16744,16357,16262,16255,15626,15419,15415,15366,14944,14394,14103,14005,13762,13683,13561,13274,12842,12608,12533,12487,12279,12176,11944,11621,11535,11392,11346,11211,11059,11046,10644,10322,10149,10025
